{"lookback": 25, "lr": 0.0004949666471144484, "n_nodes": 20, "n_layers": 8, "dropout_rate": 0.2582713382694198}