{"lookback": 50, "lr": 0.0016812375325638376, "n_nodes": 30, "n_layers": 2, "dropout_rate": 0.4072767152464037}