{"lookback": 55, "lr": 0.00014647527097821808, "n_nodes": 10, "n_layers": 2, "dropout_rate": 0.3094807181309634}