{"lookback": 5, "lr": 8.87753259817594e-05, "n_nodes": 30, "n_layers": 3, "dropout_rate": 0.39055527542705054}