{"lookback": 15, "lr": 0.001049933834918411, "n_nodes": 10, "n_layers": 4, "dropout_rate": 0.3091721978717311}