{"lookback": 40, "lr": 0.0004670068331054563, "n_nodes": 10, "n_layers": 2, "dropout_rate": 0.3608318648167502}