{"lookback": 45, "lr": 0.007827791147780455, "n_nodes": 150, "n_layers": 2, "dropout_rate": 0.40412414694489274}