{"lookback": 20, "lr": 8.658674202361188e-05, "n_nodes": 190, "n_layers": 1, "dropout_rate": 0.2022675530307504}