{"lookback": 55, "lr": 0.047789051142556334, "n_nodes": 10, "n_layers": 3, "dropout_rate": 0.23807966278866255}