{"lookback": 15, "lr": 0.053541994423166255, "n_nodes": 40, "n_layers": 1, "dropout_rate": 0.41893341589209926}