{"lookback": 60, "lr": 0.0009124227437798866, "n_nodes": 30, "n_layers": 3, "dropout_rate": 0.39506365264913823}