{"lookback": 60, "lr": 0.001656038539378411, "n_nodes": 20, "n_layers": 4, "dropout_rate": 0.3350457570709505}